{"cameraMode":{"drawMode":0,"name":"Shaded","section":"Shading Mode"},"sceneLighting":true,"audioPlay":false,"sceneViewState":{"showFog":true,"showMaterialUpdate":false,"showSkybox":true,"showFlares":true,"showImageEffects":true,"showParticleSystems":true},"in2DMode":false,"pivot":{"x":0.6555050015449524,"y":1.67801833152771,"z":-3.419788360595703},"rotation":{"x":-0.29316967725753786,"y":0.02035282552242279,"z":-0.0062497458420693878,"w":-0.9558234214782715},"size":12.46203899383545,"orthographic":false}