{"cameraMode":{"drawMode":0,"name":"Shaded","section":"Shading Mode"},"sceneLighting":true,"audioPlay":false,"sceneViewState":{"showFog":true,"showMaterialUpdate":false,"showSkybox":true,"showFlares":true,"showImageEffects":true,"showParticleSystems":true},"in2DMode":false,"pivot":{"x":-3.959780216217041,"y":1.3507146835327149,"z":-6.377640247344971},"rotation":{"x":0.066775843501091,"y":-0.05024929717183113,"z":0.003382438560947776,"w":0.9964962005615234},"size":24.962486267089845,"orthographic":false}