{"cameraMode":{"drawMode":0,"name":"Shaded","section":"Shading Mode"},"sceneLighting":true,"audioPlay":false,"sceneViewState":{"showFog":true,"showMaterialUpdate":false,"showSkybox":true,"showFlares":true,"showImageEffects":true,"showParticleSystems":true},"in2DMode":false,"pivot":{"x":9.900895118713379,"y":-1.563240885734558,"z":-0.5815832018852234},"rotation":{"x":0.2603958249092102,"y":-0.10055872052907944,"z":0.027292374521493913,"w":0.9598630666732788},"size":10.669382095336914,"orthographic":false}